{"cameraMode":{"drawMode":0,"name":"Shaded","section":"Shading Mode"},"sceneLighting":false,"audioPlay":false,"sceneViewState":{"m_AlwaysRefresh":false,"showFog":true,"showSkybox":false,"showFlares":true,"showImageEffects":true,"showParticleSystems":true,"showVisualEffectGraphs":true,"m_FxEnabled":true},"in2DMode":false,"pivot":{"x":0.17246627807617188,"y":1.4870004653930665,"z":17.952011108398439},"rotation":{"x":-0.08995696902275086,"y":-0.06952022761106491,"z":0.006296385545283556,"w":-0.9934996962547302},"size":40.951114654541019,"orthographic":true}