{"cameraMode":{"drawMode":0,"name":"Shaded","section":"Shading Mode"},"sceneLighting":false,"audioPlay":false,"sceneViewState":{"m_AlwaysRefresh":false,"showFog":true,"showSkybox":false,"showFlares":true,"showImageEffects":true,"showParticleSystems":true,"showVisualEffectGraphs":true,"m_FxEnabled":true},"in2DMode":false,"pivot":{"x":-2.7368311882019045,"y":0.738040566444397,"z":0.3588625192642212},"rotation":{"x":0.31265878677368166,"y":-0.041017208248376849,"z":0.013515434227883816,"w":0.9488837718963623},"size":1.5206364393234254,"orthographic":false}